Team,Year,Wins,Losses,win%,Arena,Location,Capacity
Boston Bruins,1990,44,24,0.6470588235294118,TD Garden,"Boston, Massachusetts",17565
Buffalo Sabres,1990,31,30,0.5081967213114754,KeyBank Center,"Buffalo, New York",19070
Calgary Flames,1990,46,26,0.6388888888888888,Scotiabank Saddledome,"Calgary, Alberta",19289
Chicago Blackhawks,1990,49,23,0.6805555555555556,United Center,"Chicago, Illinois",19717
Detroit Red Wings,1990,34,38,0.4722222222222222,Little Caesars Arena,"Detroit, Michigan",19515
Edmonton Oilers,1990,37,37,0.5,Rogers Place,"Edmonton, Alberta",18347
Los Angeles Kings,1990,46,24,0.6571428571428571,Staples Center,"Los Angeles, California",18230
Montreal Canadiens,1990,39,30,0.5652173913043478,Bell Centre,"Montreal, Quebec",21302
New Jersey Devils,1990,32,33,0.49230769230769234,Prudential Center,"Newark, New Jersey",16514
New York Islanders,1990,25,45,0.35714285714285715,Nassau Coliseum,"Uniondale, New York",13900
New York Islanders,1990,25,45,0.35714285714285715,Barclays Center,"Brooklyn, New York",15795
New York Rangers,1990,36,31,0.5373134328358209,Madison Square Garden,"New York City, New York",18006
Philadelphia Flyers,1990,33,37,0.4714285714285714,Wells Fargo Center,"Philadelphia, Pennsylvania",19543
Pittsburgh Penguins,1990,41,33,0.5540540540540541,PPG Paints Arena,"Pittsburgh, Pennsylvania",18387
St. Louis Blues,1990,47,22,0.6811594202898551,Enterprise Center,"St. Louis, Missouri",18724
Toronto Maple Leafs,1990,23,46,0.3333333333333333,Scotiabank Arena,"Toronto, Ontario",18819
Vancouver Canucks,1990,28,43,0.39436619718309857,Rogers Arena,"Vancouver, British Columbia",18910
Washington Capitals,1990,37,36,0.5068493150684932,Capital One Arena,"Washington, D.C.",18506
Winnipeg Jets,1990,26,43,0.37681159420289856,Canada Life Centre,"Winnipeg, Manitoba",15321
Boston Bruins,1991,36,32,0.5294117647058824,TD Garden,"Boston, Massachusetts",17565
Buffalo Sabres,1991,31,37,0.45588235294117646,KeyBank Center,"Buffalo, New York",19070
Calgary Flames,1991,31,37,0.45588235294117646,Scotiabank Saddledome,"Calgary, Alberta",19289
Chicago Blackhawks,1991,36,29,0.5538461538461539,United Center,"Chicago, Illinois",19717
Detroit Red Wings,1991,43,25,0.6323529411764706,Little Caesars Arena,"Detroit, Michigan",19515
Edmonton Oilers,1991,36,34,0.5142857142857142,Rogers Place,"Edmonton, Alberta",18347
Los Angeles Kings,1991,35,31,0.5303030303030303,Staples Center,"Los Angeles, California",18230
Montreal Canadiens,1991,41,28,0.5942028985507246,Bell Centre,"Montreal, Quebec",21302
New Jersey Devils,1991,38,31,0.5507246376811594,Prudential Center,"Newark, New Jersey",16514
New York Islanders,1991,34,35,0.4927536231884058,Nassau Coliseum,"Uniondale, New York",13900
New York Islanders,1991,34,35,0.4927536231884058,Barclays Center,"Brooklyn, New York",15795
New York Rangers,1991,50,25,0.6666666666666666,Madison Square Garden,"New York City, New York",18006
Philadelphia Flyers,1991,32,37,0.463768115942029,Wells Fargo Center,"Philadelphia, Pennsylvania",19543
Pittsburgh Penguins,1991,39,32,0.5492957746478874,PPG Paints Arena,"Pittsburgh, Pennsylvania",18387
San Jose Sharks,1991,17,58,0.22666666666666666,SAP Center,"San Jose, California",17562
St. Louis Blues,1991,36,33,0.5217391304347826,Enterprise Center,"St. Louis, Missouri",18724
Toronto Maple Leafs,1991,30,43,0.410958904109589,Scotiabank Arena,"Toronto, Ontario",18819
Vancouver Canucks,1991,42,26,0.6176470588235294,Rogers Arena,"Vancouver, British Columbia",18910
Washington Capitals,1991,45,27,0.625,Capital One Arena,"Washington, D.C.",18506
Winnipeg Jets,1991,33,32,0.5076923076923077,Canada Life Centre,"Winnipeg, Manitoba",15321
Boston Bruins,1992,51,26,0.6623376623376623,TD Garden,"Boston, Massachusetts",17565
Buffalo Sabres,1992,38,36,0.5135135135135135,KeyBank Center,"Buffalo, New York",19070
Calgary Flames,1992,43,30,0.589041095890411,Scotiabank Saddledome,"Calgary, Alberta",19289
Chicago Blackhawks,1992,47,25,0.6527777777777778,United Center,"Chicago, Illinois",19717
Detroit Red Wings,1992,47,28,0.6266666666666667,Little Caesars Arena,"Detroit, Michigan",19515
Edmonton Oilers,1992,26,50,0.34210526315789475,Rogers Place,"Edmonton, Alberta",18347
Los Angeles Kings,1992,39,35,0.527027027027027,Staples Center,"Los Angeles, California",18230
Montreal Canadiens,1992,48,30,0.6153846153846154,Bell Centre,"Montreal, Quebec",21302
New Jersey Devils,1992,40,37,0.5194805194805194,Prudential Center,"Newark, New Jersey",16514
New York Islanders,1992,40,37,0.5194805194805194,Nassau Coliseum,"Uniondale, New York",13900
New York Islanders,1992,40,37,0.5194805194805194,Barclays Center,"Brooklyn, New York",15795
New York Rangers,1992,34,39,0.4657534246575342,Madison Square Garden,"New York City, New York",18006
Ottawa Senators,1992,10,70,0.125,Canadian Tire Centre,"Ottawa, Ontario",17373
Philadelphia Flyers,1992,36,37,0.4931506849315068,Wells Fargo Center,"Philadelphia, Pennsylvania",19543
Pittsburgh Penguins,1992,56,21,0.7272727272727273,PPG Paints Arena,"Pittsburgh, Pennsylvania",18387
San Jose Sharks,1992,11,71,0.13414634146341464,SAP Center,"San Jose, California",17562
St. Louis Blues,1992,37,36,0.5068493150684932,Enterprise Center,"St. Louis, Missouri",18724
Tampa Bay Lightning,1992,23,54,0.2987012987012987,Amalie Arena,"Tampa, Florida",19092
Toronto Maple Leafs,1992,44,29,0.6027397260273972,Scotiabank Arena,"Toronto, Ontario",18819
Vancouver Canucks,1992,46,29,0.6133333333333333,Rogers Arena,"Vancouver, British Columbia",18910
Washington Capitals,1992,43,34,0.5584415584415584,Capital One Arena,"Washington, D.C.",18506
Winnipeg Jets,1992,40,37,0.5194805194805194,Canada Life Centre,"Winnipeg, Manitoba",15321
Anaheim Ducks,1993,33,46,0.4177215189873418,Honda Center,"Anaheim, California",17174
Boston Bruins,1993,42,29,0.5915492957746479,TD Garden,"Boston, Massachusetts",17565
Buffalo Sabres,1993,43,32,0.5733333333333334,KeyBank Center,"Buffalo, New York",19070
Calgary Flames,1993,42,29,0.5915492957746479,Scotiabank Saddledome,"Calgary, Alberta",19289
Chicago Blackhawks,1993,39,36,0.52,United Center,"Chicago, Illinois",19717
Dallas Stars,1993,42,29,0.5915492957746479,American Airlines Center,"Dallas, Texas",18532
Detroit Red Wings,1993,46,30,0.6052631578947368,Little Caesars Arena,"Detroit, Michigan",19515
Edmonton Oilers,1993,25,45,0.35714285714285715,Rogers Place,"Edmonton, Alberta",18347
Florida Panthers,1993,33,34,0.4925373134328358,BB&T Center,"Sunrise, Florida",19250
Los Angeles Kings,1993,27,45,0.375,Staples Center,"Los Angeles, California",18230
Montreal Canadiens,1993,41,29,0.5857142857142857,Bell Centre,"Montreal, Quebec",21302
New Jersey Devils,1993,47,25,0.6527777777777778,Prudential Center,"Newark, New Jersey",16514
New York Islanders,1993,36,36,0.5,Nassau Coliseum,"Uniondale, New York",13900
New York Islanders,1993,36,36,0.5,Barclays Center,"Brooklyn, New York",15795
New York Rangers,1993,52,24,0.6842105263157895,Madison Square Garden,"New York City, New York",18006
Ottawa Senators,1993,14,61,0.18666666666666668,Canadian Tire Centre,"Ottawa, Ontario",17373
Philadelphia Flyers,1993,35,39,0.47297297297297297,Wells Fargo Center,"Philadelphia, Pennsylvania",19543
Pittsburgh Penguins,1993,44,27,0.6197183098591549,PPG Paints Arena,"Pittsburgh, Pennsylvania",18387
San Jose Sharks,1993,33,35,0.4852941176470588,SAP Center,"San Jose, California",17562
St. Louis Blues,1993,40,33,0.547945205479452,Enterprise Center,"St. Louis, Missouri",18724
Tampa Bay Lightning,1993,30,43,0.410958904109589,Amalie Arena,"Tampa, Florida",19092
Toronto Maple Leafs,1993,43,29,0.5972222222222222,Scotiabank Arena,"Toronto, Ontario",18819
Vancouver Canucks,1993,41,40,0.5061728395061729,Rogers Arena,"Vancouver, British Columbia",18910
Washington Capitals,1993,39,35,0.527027027027027,Capital One Arena,"Washington, D.C.",18506
Winnipeg Jets,1993,24,51,0.32,Canada Life Centre,"Winnipeg, Manitoba",15321
Anaheim Ducks,1994,16,27,0.37209302325581395,Honda Center,"Anaheim, California",17174
Boston Bruins,1994,27,18,0.6,TD Garden,"Boston, Massachusetts",17565
Buffalo Sabres,1994,22,19,0.5365853658536586,KeyBank Center,"Buffalo, New York",19070
Calgary Flames,1994,24,17,0.5853658536585366,Scotiabank Saddledome,"Calgary, Alberta",19289
Chicago Blackhawks,1994,24,19,0.5581395348837209,United Center,"Chicago, Illinois",19717
Dallas Stars,1994,17,23,0.425,American Airlines Center,"Dallas, Texas",18532
Detroit Red Wings,1994,33,11,0.75,Little Caesars Arena,"Detroit, Michigan",19515
Edmonton Oilers,1994,17,27,0.38636363636363635,Rogers Place,"Edmonton, Alberta",18347
Florida Panthers,1994,20,22,0.47619047619047616,BB&T Center,"Sunrise, Florida",19250
Los Angeles Kings,1994,16,23,0.41025641025641024,Staples Center,"Los Angeles, California",18230
Montreal Canadiens,1994,18,23,0.43902439024390244,Bell Centre,"Montreal, Quebec",21302
New Jersey Devils,1994,22,18,0.55,Prudential Center,"Newark, New Jersey",16514
New York Islanders,1994,15,28,0.3488372093023256,Nassau Coliseum,"Uniondale, New York",13900
New York Islanders,1994,15,28,0.3488372093023256,Barclays Center,"Brooklyn, New York",15795
New York Rangers,1994,22,23,0.4888888888888889,Madison Square Garden,"New York City, New York",18006
Ottawa Senators,1994,9,34,0.20930232558139536,Canadian Tire Centre,"Ottawa, Ontario",17373
Philadelphia Flyers,1994,28,16,0.6363636363636364,Wells Fargo Center,"Philadelphia, Pennsylvania",19543
Pittsburgh Penguins,1994,29,16,0.6444444444444445,PPG Paints Arena,"Pittsburgh, Pennsylvania",18387
San Jose Sharks,1994,19,25,0.4318181818181818,SAP Center,"San Jose, California",17562
St. Louis Blues,1994,28,15,0.6511627906976745,Enterprise Center,"St. Louis, Missouri",18724
Tampa Bay Lightning,1994,17,28,0.37777777777777777,Amalie Arena,"Tampa, Florida",19092
Toronto Maple Leafs,1994,21,19,0.525,Scotiabank Arena,"Toronto, Ontario",18819
Vancouver Canucks,1994,18,18,0.5,Rogers Arena,"Vancouver, British Columbia",18910
Washington Capitals,1994,22,18,0.55,Capital One Arena,"Washington, D.C.",18506
Winnipeg Jets,1994,16,25,0.3902439024390244,Canada Life Centre,"Winnipeg, Manitoba",15321
Anaheim Ducks,1995,35,39,0.47297297297297297,Honda Center,"Anaheim, California",17174
Boston Bruins,1995,40,31,0.5633802816901409,TD Garden,"Boston, Massachusetts",17565
Buffalo Sabres,1995,33,42,0.44,KeyBank Center,"Buffalo, New York",19070
Calgary Flames,1995,34,37,0.4788732394366197,Scotiabank Saddledome,"Calgary, Alberta",19289
Chicago Blackhawks,1995,40,28,0.5882352941176471,United Center,"Chicago, Illinois",19717
Colorado Avalanche,1995,47,25,0.6527777777777778,Pepsi Center,"Denver, Colorado",17809
Dallas Stars,1995,26,42,0.38235294117647056,American Airlines Center,"Dallas, Texas",18532
Detroit Red Wings,1995,62,13,0.8266666666666667,Little Caesars Arena,"Detroit, Michigan",19515
Edmonton Oilers,1995,30,44,0.40540540540540543,Rogers Place,"Edmonton, Alberta",18347
Florida Panthers,1995,41,31,0.5694444444444444,BB&T Center,"Sunrise, Florida",19250
Los Angeles Kings,1995,24,40,0.375,Staples Center,"Los Angeles, California",18230
Montreal Canadiens,1995,40,32,0.5555555555555556,Bell Centre,"Montreal, Quebec",21302
New Jersey Devils,1995,37,33,0.5285714285714286,Prudential Center,"Newark, New Jersey",16514
New York Islanders,1995,22,50,0.3055555555555556,Nassau Coliseum,"Uniondale, New York",13900
New York Islanders,1995,22,50,0.3055555555555556,Barclays Center,"Brooklyn, New York",15795
New York Rangers,1995,41,27,0.6029411764705882,Madison Square Garden,"New York City, New York",18006
Ottawa Senators,1995,18,59,0.23376623376623376,Canadian Tire Centre,"Ottawa, Ontario",17373
Philadelphia Flyers,1995,45,24,0.6521739130434783,Wells Fargo Center,"Philadelphia, Pennsylvania",19543
Pittsburgh Penguins,1995,49,29,0.6282051282051282,PPG Paints Arena,"Pittsburgh, Pennsylvania",18387
San Jose Sharks,1995,20,55,0.26666666666666666,SAP Center,"San Jose, California",17562
St. Louis Blues,1995,32,34,0.48484848484848486,Enterprise Center,"St. Louis, Missouri",18724
Tampa Bay Lightning,1995,38,32,0.5428571428571428,Amalie Arena,"Tampa, Florida",19092
Toronto Maple Leafs,1995,34,36,0.4857142857142857,Scotiabank Arena,"Toronto, Ontario",18819
Vancouver Canucks,1995,32,35,0.47761194029850745,Rogers Arena,"Vancouver, British Columbia",18910
Washington Capitals,1995,39,32,0.5492957746478874,Capital One Arena,"Washington, D.C.",18506
Winnipeg Jets,1995,36,40,0.47368421052631576,Canada Life Centre,"Winnipeg, Manitoba",15321
Anaheim Ducks,1996,36,33,0.5217391304347826,Honda Center,"Anaheim, California",17174
Boston Bruins,1996,26,47,0.3561643835616438,TD Garden,"Boston, Massachusetts",17565
Buffalo Sabres,1996,40,30,0.5714285714285714,KeyBank Center,"Buffalo, New York",19070
Calgary Flames,1996,32,41,0.4383561643835616,Scotiabank Saddledome,"Calgary, Alberta",19289
Chicago Blackhawks,1996,34,35,0.4927536231884058,United Center,"Chicago, Illinois",19717
Colorado Avalanche,1996,49,24,0.6712328767123288,Pepsi Center,"Denver, Colorado",17809
Dallas Stars,1996,48,26,0.6486486486486487,American Airlines Center,"Dallas, Texas",18532
Detroit Red Wings,1996,38,26,0.59375,Little Caesars Arena,"Detroit, Michigan",19515
Edmonton Oilers,1996,36,37,0.4931506849315068,Rogers Place,"Edmonton, Alberta",18347
Florida Panthers,1996,35,28,0.5555555555555556,BB&T Center,"Sunrise, Florida",19250
Los Angeles Kings,1996,28,43,0.39436619718309857,Staples Center,"Los Angeles, California",18230
Montreal Canadiens,1996,31,36,0.4626865671641791,Bell Centre,"Montreal, Quebec",21302
New Jersey Devils,1996,45,23,0.6617647058823529,Prudential Center,"Newark, New Jersey",16514
New York Islanders,1996,29,41,0.4142857142857143,Nassau Coliseum,"Uniondale, New York",13900
New York Islanders,1996,29,41,0.4142857142857143,Barclays Center,"Brooklyn, New York",15795
New York Rangers,1996,38,34,0.5277777777777778,Madison Square Garden,"New York City, New York",18006
Ottawa Senators,1996,31,36,0.4626865671641791,Canadian Tire Centre,"Ottawa, Ontario",17373
Philadelphia Flyers,1996,45,24,0.6521739130434783,Wells Fargo Center,"Philadelphia, Pennsylvania",19543
Pittsburgh Penguins,1996,38,36,0.5135135135135135,PPG Paints Arena,"Pittsburgh, Pennsylvania",18387
San Jose Sharks,1996,27,47,0.36486486486486486,SAP Center,"San Jose, California",17562
St. Louis Blues,1996,36,35,0.5070422535211268,Enterprise Center,"St. Louis, Missouri",18724
Tampa Bay Lightning,1996,32,40,0.4444444444444444,Amalie Arena,"Tampa, Florida",19092
Toronto Maple Leafs,1996,30,44,0.40540540540540543,Scotiabank Arena,"Toronto, Ontario",18819
Vancouver Canucks,1996,35,40,0.4666666666666667,Rogers Arena,"Vancouver, British Columbia",18910
Washington Capitals,1996,33,40,0.4520547945205479,Capital One Arena,"Washington, D.C.",18506
Anaheim Ducks,1997,26,43,0.37681159420289856,Honda Center,"Anaheim, California",17174
Boston Bruins,1997,39,30,0.5652173913043478,TD Garden,"Boston, Massachusetts",17565
Buffalo Sabres,1997,36,29,0.5538461538461539,KeyBank Center,"Buffalo, New York",19070
Calgary Flames,1997,26,41,0.3880597014925373,Scotiabank Saddledome,"Calgary, Alberta",19289
Carolina Hurricanes,1997,33,41,0.44594594594594594,PNC Arena,"Raleigh, North Carolina",18680
Chicago Blackhawks,1997,30,39,0.43478260869565216,United Center,"Chicago, Illinois",19717
Colorado Avalanche,1997,39,26,0.6,Pepsi Center,"Denver, Colorado",17809
Dallas Stars,1997,49,22,0.6901408450704225,American Airlines Center,"Dallas, Texas",18532
Detroit Red Wings,1997,44,23,0.6567164179104478,Little Caesars Arena,"Detroit, Michigan",19515
Edmonton Oilers,1997,35,37,0.4861111111111111,Rogers Place,"Edmonton, Alberta",18347
Florida Panthers,1997,24,43,0.3582089552238806,BB&T Center,"Sunrise, Florida",19250
Los Angeles Kings,1997,38,33,0.5352112676056338,Staples Center,"Los Angeles, California",18230
Montreal Canadiens,1997,37,32,0.5362318840579711,Bell Centre,"Montreal, Quebec",21302
New Jersey Devils,1997,48,23,0.676056338028169,Prudential Center,"Newark, New Jersey",16514
New York Islanders,1997,30,41,0.4225352112676056,Nassau Coliseum,"Uniondale, New York",13900
New York Islanders,1997,30,41,0.4225352112676056,Barclays Center,"Brooklyn, New York",15795
New York Rangers,1997,25,39,0.390625,Madison Square Garden,"New York City, New York",18006
Ottawa Senators,1997,34,33,0.5074626865671642,Canadian Tire Centre,"Ottawa, Ontario",17373
Philadelphia Flyers,1997,42,29,0.5915492957746479,Wells Fargo Center,"Philadelphia, Pennsylvania",19543
Pittsburgh Penguins,1997,40,24,0.625,PPG Paints Arena,"Pittsburgh, Pennsylvania",18387
San Jose Sharks,1997,34,38,0.4722222222222222,SAP Center,"San Jose, California",17562
St. Louis Blues,1997,45,29,0.6081081081081081,Enterprise Center,"St. Louis, Missouri",18724
Tampa Bay Lightning,1997,17,55,0.2361111111111111,Amalie Arena,"Tampa, Florida",19092
Toronto Maple Leafs,1997,30,43,0.410958904109589,Scotiabank Arena,"Toronto, Ontario",18819
Vancouver Canucks,1997,25,43,0.36764705882352944,Rogers Arena,"Vancouver, British Columbia",18910
Washington Capitals,1997,40,30,0.5714285714285714,Capital One Arena,"Washington, D.C.",18506
Anaheim Ducks,1998,35,34,0.5072463768115942,Honda Center,"Anaheim, California",17174
Boston Bruins,1998,39,30,0.5652173913043478,TD Garden,"Boston, Massachusetts",17565
Buffalo Sabres,1998,37,28,0.5692307692307692,KeyBank Center,"Buffalo, New York",19070
Calgary Flames,1998,30,40,0.42857142857142855,Scotiabank Saddledome,"Calgary, Alberta",19289
Carolina Hurricanes,1998,34,30,0.53125,PNC Arena,"Raleigh, North Carolina",18680
Chicago Blackhawks,1998,29,41,0.4142857142857143,United Center,"Chicago, Illinois",19717
Colorado Avalanche,1998,44,28,0.6111111111111112,Pepsi Center,"Denver, Colorado",17809
Dallas Stars,1998,51,19,0.7285714285714285,American Airlines Center,"Dallas, Texas",18532
Detroit Red Wings,1998,43,32,0.5733333333333334,Little Caesars Arena,"Detroit, Michigan",19515
Edmonton Oilers,1998,33,37,0.4714285714285714,Rogers Place,"Edmonton, Alberta",18347
Florida Panthers,1998,30,34,0.46875,BB&T Center,"Sunrise, Florida",19250
Los Angeles Kings,1998,32,45,0.4155844155844156,Staples Center,"Los Angeles, California",18230
Montreal Canadiens,1998,32,39,0.4507042253521127,Bell Centre,"Montreal, Quebec",21302
Nashville Predators,1998,28,47,0.37333333333333335,Bridgestone Arena,"Nashville, Tennessee",17113
New Jersey Devils,1998,47,24,0.6619718309859155,Prudential Center,"Newark, New Jersey",16514
New York Islanders,1998,24,48,0.3333333333333333,Nassau Coliseum,"Uniondale, New York",13900
New York Islanders,1998,24,48,0.3333333333333333,Barclays Center,"Brooklyn, New York",15795
New York Rangers,1998,33,38,0.4647887323943662,Madison Square Garden,"New York City, New York",18006
Ottawa Senators,1998,44,23,0.6567164179104478,Canadian Tire Centre,"Ottawa, Ontario",17373
Philadelphia Flyers,1998,37,26,0.5873015873015873,Wells Fargo Center,"Philadelphia, Pennsylvania",19543
Pittsburgh Penguins,1998,38,30,0.5588235294117647,PPG Paints Arena,"Pittsburgh, Pennsylvania",18387
San Jose Sharks,1998,31,33,0.484375,SAP Center,"San Jose, California",17562
St. Louis Blues,1998,37,32,0.5362318840579711,Enterprise Center,"St. Louis, Missouri",18724
Tampa Bay Lightning,1998,19,54,0.2602739726027397,Amalie Arena,"Tampa, Florida",19092
Toronto Maple Leafs,1998,45,30,0.6,Scotiabank Arena,"Toronto, Ontario",18819
Vancouver Canucks,1998,23,47,0.32857142857142857,Rogers Arena,"Vancouver, British Columbia",18910
Washington Capitals,1998,31,45,0.40789473684210525,Capital One Arena,"Washington, D.C.",18506
Anaheim Ducks,1999,34,33,0.5074626865671642,Honda Center,"Anaheim, California",17174
Boston Bruins,1999,24,33,0.42105263157894735,TD Garden,"Boston, Massachusetts",17565
Buffalo Sabres,1999,35,32,0.5223880597014925,KeyBank Center,"Buffalo, New York",19070
Calgary Flames,1999,31,36,0.4626865671641791,Scotiabank Saddledome,"Calgary, Alberta",19289
Carolina Hurricanes,1999,37,35,0.5138888888888888,PNC Arena,"Raleigh, North Carolina",18680
Chicago Blackhawks,1999,33,37,0.4714285714285714,United Center,"Chicago, Illinois",19717
Colorado Avalanche,1999,42,28,0.6,Pepsi Center,"Denver, Colorado",17809
Dallas Stars,1999,43,23,0.6515151515151515,American Airlines Center,"Dallas, Texas",18532
Detroit Red Wings,1999,48,22,0.6857142857142857,Little Caesars Arena,"Detroit, Michigan",19515
Edmonton Oilers,1999,32,26,0.5517241379310345,Rogers Place,"Edmonton, Alberta",18347
Florida Panthers,1999,43,27,0.6142857142857143,BB&T Center,"Sunrise, Florida",19250
Los Angeles Kings,1999,39,27,0.5909090909090909,Staples Center,"Los Angeles, California",18230
Montreal Canadiens,1999,35,34,0.5072463768115942,Bell Centre,"Montreal, Quebec",21302
Nashville Predators,1999,28,40,0.4117647058823529,Bridgestone Arena,"Nashville, Tennessee",17113
New Jersey Devils,1999,45,24,0.6521739130434783,Prudential Center,"Newark, New Jersey",16514
New York Islanders,1999,24,48,0.3333333333333333,Nassau Coliseum,"Uniondale, New York",13900
New York Islanders,1999,24,48,0.3333333333333333,Barclays Center,"Brooklyn, New York",15795
New York Rangers,1999,29,38,0.43283582089552236,Madison Square Garden,"New York City, New York",18006
Ottawa Senators,1999,41,28,0.5942028985507246,Canadian Tire Centre,"Ottawa, Ontario",17373
Philadelphia Flyers,1999,45,22,0.6716417910447762,Wells Fargo Center,"Philadelphia, Pennsylvania",19543
Pittsburgh Penguins,1999,37,31,0.5441176470588235,PPG Paints Arena,"Pittsburgh, Pennsylvania",18387
San Jose Sharks,1999,35,30,0.5384615384615384,SAP Center,"San Jose, California",17562
St. Louis Blues,1999,51,19,0.7285714285714285,Enterprise Center,"St. Louis, Missouri",18724
Tampa Bay Lightning,1999,19,47,0.2878787878787879,Amalie Arena,"Tampa, Florida",19092
Toronto Maple Leafs,1999,45,27,0.625,Scotiabank Arena,"Toronto, Ontario",18819
Vancouver Canucks,1999,30,29,0.5084745762711864,Rogers Arena,"Vancouver, British Columbia",18910
Washington Capitals,1999,44,24,0.6470588235294118,Capital One Arena,"Washington, D.C.",18506
Anaheim Ducks,2000,25,41,0.3787878787878788,Honda Center,"Anaheim, California",17174
Boston Bruins,2000,36,30,0.5454545454545454,TD Garden,"Boston, Massachusetts",17565
Buffalo Sabres,2000,46,30,0.6052631578947368,KeyBank Center,"Buffalo, New York",19070
Calgary Flames,2000,27,36,0.42857142857142855,Scotiabank Saddledome,"Calgary, Alberta",19289
Carolina Hurricanes,2000,38,32,0.5428571428571428,PNC Arena,"Raleigh, North Carolina",18680
Columbus Blue Jackets,2000,28,39,0.417910447761194,Nationwide Arena,"Columbus, Ohio",18144
Chicago Blackhawks,2000,29,40,0.42028985507246375,United Center,"Chicago, Illinois",19717
Colorado Avalanche,2000,52,16,0.7647058823529411,Pepsi Center,"Denver, Colorado",17809
Dallas Stars,2000,48,24,0.6666666666666666,American Airlines Center,"Dallas, Texas",18532
Detroit Red Wings,2000,49,20,0.7101449275362319,Little Caesars Arena,"Detroit, Michigan",19515
Edmonton Oilers,2000,39,28,0.582089552238806,Rogers Place,"Edmonton, Alberta",18347
Florida Panthers,2000,22,38,0.36666666666666664,BB&T Center,"Sunrise, Florida",19250
Los Angeles Kings,2000,38,28,0.5757575757575758,Staples Center,"Los Angeles, California",18230
Minnesota Wild,2000,25,39,0.390625,Xcel Energy Center,"Saint Paul, Minnesota",17954
Montreal Canadiens,2000,28,40,0.4117647058823529,Bell Centre,"Montreal, Quebec",21302
Nashville Predators,2000,34,36,0.4857142857142857,Bridgestone Arena,"Nashville, Tennessee",17113
New Jersey Devils,2000,48,19,0.7164179104477612,Prudential Center,"Newark, New Jersey",16514
New York Islanders,2000,21,51,0.2916666666666667,Nassau Coliseum,"Uniondale, New York",13900
New York Islanders,2000,21,51,0.2916666666666667,Barclays Center,"Brooklyn, New York",15795
New York Rangers,2000,33,43,0.4342105263157895,Madison Square Garden,"New York City, New York",18006
Ottawa Senators,2000,48,21,0.6956521739130435,Canadian Tire Centre,"Ottawa, Ontario",17373
Philadelphia Flyers,2000,43,25,0.6323529411764706,Wells Fargo Center,"Philadelphia, Pennsylvania",19543
Pittsburgh Penguins,2000,42,28,0.6,PPG Paints Arena,"Pittsburgh, Pennsylvania",18387
San Jose Sharks,2000,40,27,0.5970149253731343,SAP Center,"San Jose, California",17562
St. Louis Blues,2000,43,22,0.6615384615384615,Enterprise Center,"St. Louis, Missouri",18724
Tampa Bay Lightning,2000,24,47,0.3380281690140845,Amalie Arena,"Tampa, Florida",19092
Toronto Maple Leafs,2000,37,29,0.5606060606060606,Scotiabank Arena,"Toronto, Ontario",18819
Vancouver Canucks,2000,36,28,0.5625,Rogers Arena,"Vancouver, British Columbia",18910
Washington Capitals,2000,41,27,0.6029411764705882,Capital One Arena,"Washington, D.C.",18506
Anaheim Ducks,2001,29,42,0.4084507042253521,Honda Center,"Anaheim, California",17174
Boston Bruins,2001,43,24,0.6417910447761194,TD Garden,"Boston, Massachusetts",17565
Buffalo Sabres,2001,35,35,0.5,KeyBank Center,"Buffalo, New York",19070
Calgary Flames,2001,32,35,0.47761194029850745,Scotiabank Saddledome,"Calgary, Alberta",19289
Carolina Hurricanes,2001,35,26,0.5737704918032787,PNC Arena,"Raleigh, North Carolina",18680
Columbus Blue Jackets,2001,22,47,0.3188405797101449,Nationwide Arena,"Columbus, Ohio",18144
Chicago Blackhawks,2001,41,27,0.6029411764705882,United Center,"Chicago, Illinois",19717
Colorado Avalanche,2001,45,28,0.6164383561643836,Pepsi Center,"Denver, Colorado",17809
Dallas Stars,2001,36,28,0.5625,American Airlines Center,"Dallas, Texas",18532
Detroit Red Wings,2001,51,17,0.75,Little Caesars Arena,"Detroit, Michigan",19515
Edmonton Oilers,2001,38,28,0.5757575757575758,Rogers Place,"Edmonton, Alberta",18347
Florida Panthers,2001,22,44,0.3333333333333333,BB&T Center,"Sunrise, Florida",19250
Los Angeles Kings,2001,40,27,0.5970149253731343,Staples Center,"Los Angeles, California",18230
Minnesota Wild,2001,26,35,0.4262295081967213,Xcel Energy Center,"Saint Paul, Minnesota",17954
Montreal Canadiens,2001,36,31,0.5373134328358209,Bell Centre,"Montreal, Quebec",21302
Nashville Predators,2001,28,41,0.4057971014492754,Bridgestone Arena,"Nashville, Tennessee",17113
New Jersey Devils,2001,41,28,0.5942028985507246,Prudential Center,"Newark, New Jersey",16514
New York Islanders,2001,42,28,0.6,Nassau Coliseum,"Uniondale, New York",13900
New York Islanders,2001,42,28,0.6,Barclays Center,"Brooklyn, New York",15795
New York Rangers,2001,36,38,0.4864864864864865,Madison Square Garden,"New York City, New York",18006
Ottawa Senators,2001,39,27,0.5909090909090909,Canadian Tire Centre,"Ottawa, Ontario",17373
Philadelphia Flyers,2001,42,27,0.6086956521739131,Wells Fargo Center,"Philadelphia, Pennsylvania",19543
Pittsburgh Penguins,2001,28,41,0.4057971014492754,PPG Paints Arena,"Pittsburgh, Pennsylvania",18387
San Jose Sharks,2001,44,27,0.6197183098591549,SAP Center,"San Jose, California",17562
St. Louis Blues,2001,43,27,0.6142857142857143,Enterprise Center,"St. Louis, Missouri",18724
Tampa Bay Lightning,2001,27,40,0.40298507462686567,Amalie Arena,"Tampa, Florida",19092
Toronto Maple Leafs,2001,43,25,0.6323529411764706,Scotiabank Arena,"Toronto, Ontario",18819
Vancouver Canucks,2001,42,30,0.5833333333333334,Rogers Arena,"Vancouver, British Columbia",18910
Washington Capitals,2001,36,33,0.5217391304347826,Capital One Arena,"Washington, D.C.",18506
Anaheim Ducks,2002,40,27,0.5970149253731343,Honda Center,"Anaheim, California",17174
Boston Bruins,2002,36,31,0.5373134328358209,TD Garden,"Boston, Massachusetts",17565
Buffalo Sabres,2002,27,37,0.421875,KeyBank Center,"Buffalo, New York",19070
Calgary Flames,2002,29,36,0.4461538461538462,Scotiabank Saddledome,"Calgary, Alberta",19289
Carolina Hurricanes,2002,22,43,0.3384615384615385,PNC Arena,"Raleigh, North Carolina",18680
Columbus Blue Jackets,2002,29,42,0.4084507042253521,Nationwide Arena,"Columbus, Ohio",18144
Chicago Blackhawks,2002,30,33,0.47619047619047616,United Center,"Chicago, Illinois",19717
Colorado Avalanche,2002,42,19,0.6885245901639344,Pepsi Center,"Denver, Colorado",17809
Dallas Stars,2002,46,17,0.7301587301587301,American Airlines Center,"Dallas, Texas",18532
Detroit Red Wings,2002,48,20,0.7058823529411765,Little Caesars Arena,"Detroit, Michigan",19515
Edmonton Oilers,2002,36,26,0.5806451612903226,Rogers Place,"Edmonton, Alberta",18347
Florida Panthers,2002,24,36,0.4,BB&T Center,"Sunrise, Florida",19250
Los Angeles Kings,2002,33,37,0.4714285714285714,Staples Center,"Los Angeles, California",18230
Minnesota Wild,2002,42,29,0.5915492957746479,Xcel Energy Center,"Saint Paul, Minnesota",17954
Montreal Canadiens,2002,30,35,0.46153846153846156,Bell Centre,"Montreal, Quebec",21302
Nashville Predators,2002,27,35,0.43548387096774194,Bridgestone Arena,"Nashville, Tennessee",17113
New Jersey Devils,2002,46,20,0.696969696969697,Prudential Center,"Newark, New Jersey",16514
New York Islanders,2002,35,34,0.5072463768115942,Nassau Coliseum,"Uniondale, New York",13900
New York Islanders,2002,35,34,0.5072463768115942,Barclays Center,"Brooklyn, New York",15795
New York Rangers,2002,32,36,0.47058823529411764,Madison Square Garden,"New York City, New York",18006
Ottawa Senators,2002,52,21,0.7123287671232876,Canadian Tire Centre,"Ottawa, Ontario",17373
Philadelphia Flyers,2002,45,20,0.6923076923076923,Wells Fargo Center,"Philadelphia, Pennsylvania",19543
Pittsburgh Penguins,2002,27,44,0.38028169014084506,PPG Paints Arena,"Pittsburgh, Pennsylvania",18387
San Jose Sharks,2002,28,37,0.4307692307692308,SAP Center,"San Jose, California",17562
St. Louis Blues,2002,41,24,0.6307692307692307,Enterprise Center,"St. Louis, Missouri",18724
Tampa Bay Lightning,2002,36,25,0.5901639344262295,Amalie Arena,"Tampa, Florida",19092
Toronto Maple Leafs,2002,44,28,0.6111111111111112,Scotiabank Arena,"Toronto, Ontario",18819
Vancouver Canucks,2002,45,23,0.6617647058823529,Rogers Arena,"Vancouver, British Columbia",18910
Washington Capitals,2002,39,29,0.5735294117647058,Capital One Arena,"Washington, D.C.",18506
Anaheim Ducks,2003,29,35,0.453125,Honda Center,"Anaheim, California",17174
Boston Bruins,2003,41,19,0.6833333333333333,TD Garden,"Boston, Massachusetts",17565
Buffalo Sabres,2003,37,34,0.5211267605633803,KeyBank Center,"Buffalo, New York",19070
Calgary Flames,2003,42,30,0.5833333333333334,Scotiabank Saddledome,"Calgary, Alberta",19289
Carolina Hurricanes,2003,28,34,0.45161290322580644,PNC Arena,"Raleigh, North Carolina",18680
Columbus Blue Jackets,2003,25,45,0.35714285714285715,Nationwide Arena,"Columbus, Ohio",18144
Chicago Blackhawks,2003,20,43,0.31746031746031744,United Center,"Chicago, Illinois",19717
Colorado Avalanche,2003,40,22,0.6451612903225806,Pepsi Center,"Denver, Colorado",17809
Dallas Stars,2003,41,26,0.6119402985074627,American Airlines Center,"Dallas, Texas",18532
Detroit Red Wings,2003,48,21,0.6956521739130435,Little Caesars Arena,"Detroit, Michigan",19515
Edmonton Oilers,2003,36,29,0.5538461538461539,Rogers Place,"Edmonton, Alberta",18347
Florida Panthers,2003,28,35,0.4444444444444444,BB&T Center,"Sunrise, Florida",19250
Los Angeles Kings,2003,28,29,0.49122807017543857,Staples Center,"Los Angeles, California",18230
Minnesota Wild,2003,30,29,0.5084745762711864,Xcel Energy Center,"Saint Paul, Minnesota",17954
Montreal Canadiens,2003,41,30,0.5774647887323944,Bell Centre,"Montreal, Quebec",21302
Nashville Predators,2003,38,29,0.5671641791044776,Bridgestone Arena,"Nashville, Tennessee",17113
New Jersey Devils,2003,43,25,0.6323529411764706,Prudential Center,"Newark, New Jersey",16514
New York Islanders,2003,38,29,0.5671641791044776,Nassau Coliseum,"Uniondale, New York",13900
New York Islanders,2003,38,29,0.5671641791044776,Barclays Center,"Brooklyn, New York",15795
New York Rangers,2003,27,40,0.40298507462686567,Madison Square Garden,"New York City, New York",18006
Ottawa Senators,2003,43,23,0.6515151515151515,Canadian Tire Centre,"Ottawa, Ontario",17373
Philadelphia Flyers,2003,40,21,0.6557377049180327,Wells Fargo Center,"Philadelphia, Pennsylvania",19543
Pittsburgh Penguins,2003,23,47,0.32857142857142857,PPG Paints Arena,"Pittsburgh, Pennsylvania",18387
San Jose Sharks,2003,43,21,0.671875,SAP Center,"San Jose, California",17562
St. Louis Blues,2003,39,30,0.5652173913043478,Enterprise Center,"St. Louis, Missouri",18724
Tampa Bay Lightning,2003,46,22,0.6764705882352942,Amalie Arena,"Tampa, Florida",19092
Toronto Maple Leafs,2003,45,24,0.6521739130434783,Scotiabank Arena,"Toronto, Ontario",18819
Vancouver Canucks,2003,43,24,0.6417910447761194,Rogers Arena,"Vancouver, British Columbia",18910
Washington Capitals,2003,23,46,0.3333333333333333,Capital One Arena,"Washington, D.C.",18506
Anaheim Ducks,2005,43,27,0.6142857142857143,Honda Center,"Anaheim, California",17174
Boston Bruins,2005,29,37,0.4393939393939394,TD Garden,"Boston, Massachusetts",17565
Buffalo Sabres,2005,52,24,0.6842105263157895,KeyBank Center,"Buffalo, New York",19070
Calgary Flames,2005,46,25,0.647887323943662,Scotiabank Saddledome,"Calgary, Alberta",19289
Carolina Hurricanes,2005,52,22,0.7027027027027027,PNC Arena,"Raleigh, North Carolina",18680
Columbus Blue Jackets,2005,35,43,0.44871794871794873,Nationwide Arena,"Columbus, Ohio",18144
Chicago Blackhawks,2005,26,43,0.37681159420289856,United Center,"Chicago, Illinois",19717
Colorado Avalanche,2005,43,30,0.589041095890411,Pepsi Center,"Denver, Colorado",17809
Dallas Stars,2005,53,23,0.6973684210526315,American Airlines Center,"Dallas, Texas",18532
Detroit Red Wings,2005,58,16,0.7837837837837838,Little Caesars Arena,"Detroit, Michigan",19515
Edmonton Oilers,2005,41,28,0.5942028985507246,Rogers Place,"Edmonton, Alberta",18347
Florida Panthers,2005,37,34,0.5211267605633803,BB&T Center,"Sunrise, Florida",19250
Los Angeles Kings,2005,42,35,0.5454545454545454,Staples Center,"Los Angeles, California",18230
Minnesota Wild,2005,38,36,0.5135135135135135,Xcel Energy Center,"Saint Paul, Minnesota",17954
Montreal Canadiens,2005,42,31,0.5753424657534246,Bell Centre,"Montreal, Quebec",21302
Nashville Predators,2005,49,25,0.6621621621621622,Bridgestone Arena,"Nashville, Tennessee",17113
New Jersey Devils,2005,46,27,0.6301369863013698,Prudential Center,"Newark, New Jersey",16514
New York Islanders,2005,36,40,0.47368421052631576,Nassau Coliseum,"Uniondale, New York",13900
New York Islanders,2005,36,40,0.47368421052631576,Barclays Center,"Brooklyn, New York",15795
New York Rangers,2005,44,26,0.6285714285714286,Madison Square Garden,"New York City, New York",18006
Ottawa Senators,2005,52,21,0.7123287671232876,Canadian Tire Centre,"Ottawa, Ontario",17373
Philadelphia Flyers,2005,45,26,0.6338028169014085,Wells Fargo Center,"Philadelphia, Pennsylvania",19543
Pittsburgh Penguins,2005,22,46,0.3235294117647059,PPG Paints Arena,"Pittsburgh, Pennsylvania",18387
San Jose Sharks,2005,44,27,0.6197183098591549,SAP Center,"San Jose, California",17562
St. Louis Blues,2005,21,46,0.31343283582089554,Enterprise Center,"St. Louis, Missouri",18724
Tampa Bay Lightning,2005,43,33,0.5657894736842105,Amalie Arena,"Tampa, Florida",19092
Toronto Maple Leafs,2005,41,33,0.5540540540540541,Scotiabank Arena,"Toronto, Ontario",18819
Vancouver Canucks,2005,42,32,0.5675675675675675,Rogers Arena,"Vancouver, British Columbia",18910
Washington Capitals,2005,29,41,0.4142857142857143,Capital One Arena,"Washington, D.C.",18506
Anaheim Ducks,2006,48,20,0.7058823529411765,Honda Center,"Anaheim, California",17174
Boston Bruins,2006,35,41,0.4605263157894737,TD Garden,"Boston, Massachusetts",17565
Buffalo Sabres,2006,53,22,0.7066666666666667,KeyBank Center,"Buffalo, New York",19070
Calgary Flames,2006,43,29,0.5972222222222222,Scotiabank Saddledome,"Calgary, Alberta",19289
Carolina Hurricanes,2006,40,34,0.5405405405405406,PNC Arena,"Raleigh, North Carolina",18680
Columbus Blue Jackets,2006,33,42,0.44,Nationwide Arena,"Columbus, Ohio",18144
Chicago Blackhawks,2006,31,42,0.4246575342465753,United Center,"Chicago, Illinois",19717
Colorado Avalanche,2006,44,31,0.5866666666666667,Pepsi Center,"Denver, Colorado",17809
Dallas Stars,2006,50,25,0.6666666666666666,American Airlines Center,"Dallas, Texas",18532
Detroit Red Wings,2006,50,19,0.7246376811594203,Little Caesars Arena,"Detroit, Michigan",19515
Edmonton Oilers,2006,32,43,0.4266666666666667,Rogers Place,"Edmonton, Alberta",18347
Florida Panthers,2006,35,31,0.5303030303030303,BB&T Center,"Sunrise, Florida",19250
Los Angeles Kings,2006,27,41,0.39705882352941174,Staples Center,"Los Angeles, California",18230
Minnesota Wild,2006,48,26,0.6486486486486487,Xcel Energy Center,"Saint Paul, Minnesota",17954
Montreal Canadiens,2006,42,34,0.5526315789473685,Bell Centre,"Montreal, Quebec",21302
Nashville Predators,2006,51,23,0.6891891891891891,Bridgestone Arena,"Nashville, Tennessee",17113
New Jersey Devils,2006,49,24,0.6712328767123288,Prudential Center,"Newark, New Jersey",16514
New York Islanders,2006,40,30,0.5714285714285714,Nassau Coliseum,"Uniondale, New York",13900
New York Islanders,2006,40,30,0.5714285714285714,Barclays Center,"Brooklyn, New York",15795
New York Rangers,2006,42,30,0.5833333333333334,Madison Square Garden,"New York City, New York",18006
Ottawa Senators,2006,48,25,0.6575342465753424,Canadian Tire Centre,"Ottawa, Ontario",17373
Philadelphia Flyers,2006,22,48,0.3142857142857143,Wells Fargo Center,"Philadelphia, Pennsylvania",19543
Pittsburgh Penguins,2006,47,24,0.6619718309859155,PPG Paints Arena,"Pittsburgh, Pennsylvania",18387
San Jose Sharks,2006,51,26,0.6623376623376623,SAP Center,"San Jose, California",17562
St. Louis Blues,2006,34,35,0.4927536231884058,Enterprise Center,"St. Louis, Missouri",18724
Tampa Bay Lightning,2006,44,33,0.5714285714285714,Amalie Arena,"Tampa, Florida",19092
Toronto Maple Leafs,2006,40,31,0.5633802816901409,Scotiabank Arena,"Toronto, Ontario",18819
Vancouver Canucks,2006,49,26,0.6533333333333333,Rogers Arena,"Vancouver, British Columbia",18910
Washington Capitals,2006,28,40,0.4117647058823529,Capital One Arena,"Washington, D.C.",18506
Anaheim Ducks,2007,47,27,0.6351351351351351,Honda Center,"Anaheim, California",17174
Boston Bruins,2007,41,29,0.5857142857142857,TD Garden,"Boston, Massachusetts",17565
Buffalo Sabres,2007,39,31,0.5571428571428572,KeyBank Center,"Buffalo, New York",19070
Calgary Flames,2007,42,30,0.5833333333333334,Scotiabank Saddledome,"Calgary, Alberta",19289
Carolina Hurricanes,2007,43,33,0.5657894736842105,PNC Arena,"Raleigh, North Carolina",18680
Columbus Blue Jackets,2007,34,36,0.4857142857142857,Nationwide Arena,"Columbus, Ohio",18144
Chicago Blackhawks,2007,40,34,0.5405405405405406,United Center,"Chicago, Illinois",19717
Colorado Avalanche,2007,44,31,0.5866666666666667,Pepsi Center,"Denver, Colorado",17809
Dallas Stars,2007,45,30,0.6,American Airlines Center,"Dallas, Texas",18532
Detroit Red Wings,2007,54,21,0.72,Little Caesars Arena,"Detroit, Michigan",19515
Edmonton Oilers,2007,41,35,0.5394736842105263,Rogers Place,"Edmonton, Alberta",18347
Florida Panthers,2007,38,35,0.5205479452054794,BB&T Center,"Sunrise, Florida",19250
Los Angeles Kings,2007,32,43,0.4266666666666667,Staples Center,"Los Angeles, California",18230
Minnesota Wild,2007,44,28,0.6111111111111112,Xcel Energy Center,"Saint Paul, Minnesota",17954
Montreal Canadiens,2007,47,25,0.6527777777777778,Bell Centre,"Montreal, Quebec",21302
Nashville Predators,2007,41,32,0.5616438356164384,Bridgestone Arena,"Nashville, Tennessee",17113
New Jersey Devils,2007,46,29,0.6133333333333333,Prudential Center,"Newark, New Jersey",16514
New York Islanders,2007,35,38,0.4794520547945205,Nassau Coliseum,"Uniondale, New York",13900
New York Islanders,2007,35,38,0.4794520547945205,Barclays Center,"Brooklyn, New York",15795
New York Rangers,2007,42,27,0.6086956521739131,Madison Square Garden,"New York City, New York",18006
Ottawa Senators,2007,43,31,0.581081081081081,Canadian Tire Centre,"Ottawa, Ontario",17373
Philadelphia Flyers,2007,42,29,0.5915492957746479,Wells Fargo Center,"Philadelphia, Pennsylvania",19543
Pittsburgh Penguins,2007,47,27,0.6351351351351351,PPG Paints Arena,"Pittsburgh, Pennsylvania",18387
San Jose Sharks,2007,49,23,0.6805555555555556,SAP Center,"San Jose, California",17562
St. Louis Blues,2007,33,36,0.4782608695652174,Enterprise Center,"St. Louis, Missouri",18724
Tampa Bay Lightning,2007,31,42,0.4246575342465753,Amalie Arena,"Tampa, Florida",19092
Toronto Maple Leafs,2007,36,35,0.5070422535211268,Scotiabank Arena,"Toronto, Ontario",18819
Vancouver Canucks,2007,39,33,0.5416666666666666,Rogers Arena,"Vancouver, British Columbia",18910
Washington Capitals,2007,43,31,0.581081081081081,Capital One Arena,"Washington, D.C.",18506
Anaheim Ducks,2008,42,33,0.56,Honda Center,"Anaheim, California",17174
Boston Bruins,2008,53,19,0.7361111111111112,TD Garden,"Boston, Massachusetts",17565
Buffalo Sabres,2008,41,32,0.5616438356164384,KeyBank Center,"Buffalo, New York",19070
Calgary Flames,2008,46,30,0.6052631578947368,Scotiabank Saddledome,"Calgary, Alberta",19289
Carolina Hurricanes,2008,45,30,0.6,PNC Arena,"Raleigh, North Carolina",18680
Columbus Blue Jackets,2008,41,31,0.5694444444444444,Nationwide Arena,"Columbus, Ohio",18144
Chicago Blackhawks,2008,46,24,0.6571428571428571,United Center,"Chicago, Illinois",19717
Colorado Avalanche,2008,32,45,0.4155844155844156,Pepsi Center,"Denver, Colorado",17809
Dallas Stars,2008,36,35,0.5070422535211268,American Airlines Center,"Dallas, Texas",18532
Detroit Red Wings,2008,51,21,0.7083333333333334,Little Caesars Arena,"Detroit, Michigan",19515
Edmonton Oilers,2008,38,35,0.5205479452054794,Rogers Place,"Edmonton, Alberta",18347
Florida Panthers,2008,41,30,0.5774647887323944,BB&T Center,"Sunrise, Florida",19250
Los Angeles Kings,2008,34,37,0.4788732394366197,Staples Center,"Los Angeles, California",18230
Minnesota Wild,2008,40,33,0.547945205479452,Xcel Energy Center,"Saint Paul, Minnesota",17954
Montreal Canadiens,2008,41,30,0.5774647887323944,Bell Centre,"Montreal, Quebec",21302
Nashville Predators,2008,40,34,0.5405405405405406,Bridgestone Arena,"Nashville, Tennessee",17113
New Jersey Devils,2008,51,27,0.6538461538461539,Prudential Center,"Newark, New Jersey",16514
New York Islanders,2008,26,47,0.3561643835616438,Nassau Coliseum,"Uniondale, New York",13900
New York Islanders,2008,26,47,0.3561643835616438,Barclays Center,"Brooklyn, New York",15795
New York Rangers,2008,43,30,0.589041095890411,Madison Square Garden,"New York City, New York",18006
Ottawa Senators,2008,36,35,0.5070422535211268,Canadian Tire Centre,"Ottawa, Ontario",17373
Philadelphia Flyers,2008,44,27,0.6197183098591549,Wells Fargo Center,"Philadelphia, Pennsylvania",19543
Pittsburgh Penguins,2008,45,28,0.6164383561643836,PPG Paints Arena,"Pittsburgh, Pennsylvania",18387
San Jose Sharks,2008,53,18,0.7464788732394366,SAP Center,"San Jose, California",17562
St. Louis Blues,2008,41,31,0.5694444444444444,Enterprise Center,"St. Louis, Missouri",18724
Tampa Bay Lightning,2008,24,40,0.375,Amalie Arena,"Tampa, Florida",19092
Toronto Maple Leafs,2008,34,35,0.4927536231884058,Scotiabank Arena,"Toronto, Ontario",18819
Vancouver Canucks,2008,45,27,0.625,Rogers Arena,"Vancouver, British Columbia",18910
Washington Capitals,2008,50,24,0.6756756756756757,Capital One Arena,"Washington, D.C.",18506
Anaheim Ducks,2009,39,32,0.5492957746478874,Honda Center,"Anaheim, California",17174
Boston Bruins,2009,39,30,0.5652173913043478,TD Garden,"Boston, Massachusetts",17565
Buffalo Sabres,2009,45,27,0.625,KeyBank Center,"Buffalo, New York",19070
Calgary Flames,2009,40,32,0.5555555555555556,Scotiabank Saddledome,"Calgary, Alberta",19289
Carolina Hurricanes,2009,35,37,0.4861111111111111,PNC Arena,"Raleigh, North Carolina",18680
Columbus Blue Jackets,2009,32,35,0.47761194029850745,Nationwide Arena,"Columbus, Ohio",18144
Chicago Blackhawks,2009,52,22,0.7027027027027027,United Center,"Chicago, Illinois",19717
Colorado Avalanche,2009,43,30,0.589041095890411,Pepsi Center,"Denver, Colorado",17809
Dallas Stars,2009,37,31,0.5441176470588235,American Airlines Center,"Dallas, Texas",18532
Detroit Red Wings,2009,44,24,0.6470588235294118,Little Caesars Arena,"Detroit, Michigan",19515
Edmonton Oilers,2009,27,47,0.36486486486486486,Rogers Place,"Edmonton, Alberta",18347
Florida Panthers,2009,32,37,0.463768115942029,BB&T Center,"Sunrise, Florida",19250
Los Angeles Kings,2009,46,27,0.6301369863013698,Staples Center,"Los Angeles, California",18230
Minnesota Wild,2009,38,36,0.5135135135135135,Xcel Energy Center,"Saint Paul, Minnesota",17954
Montreal Canadiens,2009,39,33,0.5416666666666666,Bell Centre,"Montreal, Quebec",21302
Nashville Predators,2009,47,29,0.618421052631579,Bridgestone Arena,"Nashville, Tennessee",17113
New Jersey Devils,2009,48,27,0.64,Prudential Center,"Newark, New Jersey",16514
New York Islanders,2009,34,37,0.4788732394366197,Nassau Coliseum,"Uniondale, New York",13900
New York Islanders,2009,34,37,0.4788732394366197,Barclays Center,"Brooklyn, New York",15795
New York Rangers,2009,38,33,0.5352112676056338,Madison Square Garden,"New York City, New York",18006
Ottawa Senators,2009,44,32,0.5789473684210527,Canadian Tire Centre,"Ottawa, Ontario",17373
Philadelphia Flyers,2009,41,35,0.5394736842105263,Wells Fargo Center,"Philadelphia, Pennsylvania",19543
Pittsburgh Penguins,2009,47,28,0.6266666666666667,PPG Paints Arena,"Pittsburgh, Pennsylvania",18387
San Jose Sharks,2009,51,20,0.7183098591549296,SAP Center,"San Jose, California",17562
St. Louis Blues,2009,40,32,0.5555555555555556,Enterprise Center,"St. Louis, Missouri",18724
Tampa Bay Lightning,2009,34,36,0.4857142857142857,Amalie Arena,"Tampa, Florida",19092
Toronto Maple Leafs,2009,30,38,0.4411764705882353,Scotiabank Arena,"Toronto, Ontario",18819
Vancouver Canucks,2009,49,28,0.6363636363636364,Rogers Arena,"Vancouver, British Columbia",18910
Washington Capitals,2009,54,15,0.782608695652174,Capital One Arena,"Washington, D.C.",18506
Anaheim Ducks,2010,47,30,0.6103896103896104,Honda Center,"Anaheim, California",17174
Boston Bruins,2010,46,25,0.647887323943662,TD Garden,"Boston, Massachusetts",17565
Buffalo Sabres,2010,43,29,0.5972222222222222,KeyBank Center,"Buffalo, New York",19070
Calgary Flames,2010,41,29,0.5857142857142857,Scotiabank Saddledome,"Calgary, Alberta",19289
Carolina Hurricanes,2010,40,31,0.5633802816901409,PNC Arena,"Raleigh, North Carolina",18680
Columbus Blue Jackets,2010,34,35,0.4927536231884058,Nationwide Arena,"Columbus, Ohio",18144
Chicago Blackhawks,2010,44,29,0.6027397260273972,United Center,"Chicago, Illinois",19717
Colorado Avalanche,2010,30,44,0.40540540540540543,Pepsi Center,"Denver, Colorado",17809
Dallas Stars,2010,42,29,0.5915492957746479,American Airlines Center,"Dallas, Texas",18532
Detroit Red Wings,2010,47,25,0.6527777777777778,Little Caesars Arena,"Detroit, Michigan",19515
Edmonton Oilers,2010,25,45,0.35714285714285715,Rogers Place,"Edmonton, Alberta",18347
Florida Panthers,2010,30,40,0.42857142857142855,BB&T Center,"Sunrise, Florida",19250
Los Angeles Kings,2010,46,30,0.6052631578947368,Staples Center,"Los Angeles, California",18230
Minnesota Wild,2010,39,35,0.527027027027027,Xcel Energy Center,"Saint Paul, Minnesota",17954
Montreal Canadiens,2010,44,30,0.5945945945945946,Bell Centre,"Montreal, Quebec",21302
Nashville Predators,2010,44,27,0.6197183098591549,Bridgestone Arena,"Nashville, Tennessee",17113
New Jersey Devils,2010,38,39,0.4935064935064935,Prudential Center,"Newark, New Jersey",16514
New York Islanders,2010,30,39,0.43478260869565216,Nassau Coliseum,"Uniondale, New York",13900
New York Islanders,2010,30,39,0.43478260869565216,Barclays Center,"Brooklyn, New York",15795
New York Rangers,2010,44,33,0.5714285714285714,Madison Square Garden,"New York City, New York",18006
Ottawa Senators,2010,32,40,0.4444444444444444,Canadian Tire Centre,"Ottawa, Ontario",17373
Philadelphia Flyers,2010,47,23,0.6714285714285714,Wells Fargo Center,"Philadelphia, Pennsylvania",19543
Pittsburgh Penguins,2010,49,25,0.6621621621621622,PPG Paints Arena,"Pittsburgh, Pennsylvania",18387
San Jose Sharks,2010,48,25,0.6575342465753424,SAP Center,"San Jose, California",17562
St. Louis Blues,2010,38,33,0.5352112676056338,Enterprise Center,"St. Louis, Missouri",18724
Tampa Bay Lightning,2010,46,25,0.647887323943662,Amalie Arena,"Tampa, Florida",19092
Toronto Maple Leafs,2010,37,34,0.5211267605633803,Scotiabank Arena,"Toronto, Ontario",18819
Vancouver Canucks,2010,54,19,0.7397260273972602,Rogers Arena,"Vancouver, British Columbia",18910
Washington Capitals,2010,48,23,0.676056338028169,Capital One Arena,"Washington, D.C.",18506
Anaheim Ducks,2011,34,36,0.4857142857142857,Honda Center,"Anaheim, California",17174
Boston Bruins,2011,49,29,0.6282051282051282,TD Garden,"Boston, Massachusetts",17565
Buffalo Sabres,2011,39,32,0.5492957746478874,KeyBank Center,"Buffalo, New York",19070
Calgary Flames,2011,37,29,0.5606060606060606,Scotiabank Saddledome,"Calgary, Alberta",19289
Carolina Hurricanes,2011,33,33,0.5,PNC Arena,"Raleigh, North Carolina",18680
Columbus Blue Jackets,2011,29,46,0.38666666666666666,Nationwide Arena,"Columbus, Ohio",18144
Chicago Blackhawks,2011,45,26,0.6338028169014085,United Center,"Chicago, Illinois",19717
Colorado Avalanche,2011,41,35,0.5394736842105263,Pepsi Center,"Denver, Colorado",17809
Dallas Stars,2011,42,35,0.5454545454545454,American Airlines Center,"Dallas, Texas",18532
Detroit Red Wings,2011,48,28,0.631578947368421,Little Caesars Arena,"Detroit, Michigan",19515
Edmonton Oilers,2011,32,40,0.4444444444444444,Rogers Place,"Edmonton, Alberta",18347
Florida Panthers,2011,38,26,0.59375,BB&T Center,"Sunrise, Florida",19250
Los Angeles Kings,2011,40,27,0.5970149253731343,Staples Center,"Los Angeles, California",18230
Minnesota Wild,2011,35,36,0.49295774647887325,Xcel Energy Center,"Saint Paul, Minnesota",17954
Montreal Canadiens,2011,31,35,0.4696969696969697,Bell Centre,"Montreal, Quebec",21302
Nashville Predators,2011,48,26,0.6486486486486487,Bridgestone Arena,"Nashville, Tennessee",17113
New Jersey Devils,2011,48,28,0.631578947368421,Prudential Center,"Newark, New Jersey",16514
New York Islanders,2011,34,37,0.4788732394366197,Nassau Coliseum,"Uniondale, New York",13900
New York Islanders,2011,34,37,0.4788732394366197,Barclays Center,"Brooklyn, New York",15795
New York Rangers,2011,51,24,0.68,Madison Square Garden,"New York City, New York",18006
Ottawa Senators,2011,41,31,0.5694444444444444,Canadian Tire Centre,"Ottawa, Ontario",17373
Philadelphia Flyers,2011,47,26,0.6438356164383562,Wells Fargo Center,"Philadelphia, Pennsylvania",19543
Pittsburgh Penguins,2011,51,25,0.6710526315789473,PPG Paints Arena,"Pittsburgh, Pennsylvania",18387
San Jose Sharks,2011,43,29,0.5972222222222222,SAP Center,"San Jose, California",17562
St. Louis Blues,2011,49,22,0.6901408450704225,Enterprise Center,"St. Louis, Missouri",18724
Tampa Bay Lightning,2011,38,36,0.5135135135135135,Amalie Arena,"Tampa, Florida",19092
Toronto Maple Leafs,2011,35,37,0.4861111111111111,Scotiabank Arena,"Toronto, Ontario",18819
Vancouver Canucks,2011,51,22,0.6986301369863014,Rogers Arena,"Vancouver, British Columbia",18910
Washington Capitals,2011,42,32,0.5675675675675675,Capital One Arena,"Washington, D.C.",18506
Winnipeg Jets,2011,37,35,0.5138888888888888,Canada Life Centre,"Winnipeg, Manitoba",15321
Chicago Blackhawks,2012,36,7,0.8372093023255814,United Center,"Chicago, Illinois",19717
Pittsburgh Penguins,2012,36,12,0.75,PPG Paints Arena,"Pittsburgh, Pennsylvania",18387
Anaheim Ducks,2012,30,12,0.7142857142857143,Honda Center,"Anaheim, California",17174
Montreal Canadiens,2012,29,14,0.6744186046511628,Bell Centre,"Montreal, Quebec",21302
Boston Bruins,2012,28,14,0.6666666666666666,TD Garden,"Boston, Massachusetts",17565
St. Louis Blues,2012,29,17,0.6304347826086957,Enterprise Center,"St. Louis, Missouri",18724
Vancouver Canucks,2012,26,15,0.6341463414634146,Rogers Arena,"Vancouver, British Columbia",18910
Los Angeles Kings,2012,27,16,0.627906976744186,Staples Center,"Los Angeles, California",18230
Washington Capitals,2012,27,18,0.6,Capital One Arena,"Washington, D.C.",18506
Toronto Maple Leafs,2012,26,17,0.6046511627906976,Scotiabank Arena,"Toronto, Ontario",18819
San Jose Sharks,2012,25,16,0.6097560975609756,SAP Center,"San Jose, California",17562
Detroit Red Wings,2012,24,16,0.6,Little Caesars Arena,"Detroit, Michigan",19515
New York Rangers,2012,26,18,0.5909090909090909,Madison Square Garden,"New York City, New York",18006
Ottawa Senators,2012,25,17,0.5952380952380952,Canadian Tire Centre,"Ottawa, Ontario",17373
Minnesota Wild,2012,26,19,0.5777777777777777,Xcel Energy Center,"Saint Paul, Minnesota",17954
Columbus Blue Jackets,2012,24,17,0.5853658536585366,Nationwide Arena,"Columbus, Ohio",18144
New York Islanders,2012,24,17,0.5853658536585366,Nassau Coliseum,"Uniondale, New York",13900
New York Islanders,2012,24,17,0.5853658536585366,Barclays Center,"Brooklyn, New York",15795
Winnipeg Jets,2012,24,21,0.5333333333333333,Canada Life Centre,"Winnipeg, Manitoba",15321
Philadelphia Flyers,2012,23,22,0.5111111111111111,Wells Fargo Center,"Philadelphia, Pennsylvania",19543
Buffalo Sabres,2012,21,21,0.5,KeyBank Center,"Buffalo, New York",19070
Dallas Stars,2012,22,22,0.5,American Airlines Center,"Dallas, Texas",18532
New Jersey Devils,2012,19,19,0.5,Prudential Center,"Newark, New Jersey",16514
Edmonton Oilers,2012,19,22,0.4634146341463415,Rogers Place,"Edmonton, Alberta",18347
Calgary Flames,2012,19,25,0.4318181818181818,Scotiabank Saddledome,"Calgary, Alberta",19289
Carolina Hurricanes,2012,19,25,0.4318181818181818,PNC Arena,"Raleigh, North Carolina",18680
Nashville Predators,2012,16,23,0.41025641025641024,Bridgestone Arena,"Nashville, Tennessee",17113
Tampa Bay Lightning,2012,18,26,0.4090909090909091,Amalie Arena,"Tampa, Florida",19092
Colorado Avalanche,2012,16,25,0.3902439024390244,Pepsi Center,"Denver, Colorado",17809
Florida Panthers,2012,15,27,0.35714285714285715,BB&T Center,"Sunrise, Florida",19250
Boston Bruins,2013,54,19,0.7397260273972602,TD Garden,"Boston, Massachusetts",17565
Anaheim Ducks,2013,54,20,0.7297297297297297,Honda Center,"Anaheim, California",17174
Colorado Avalanche,2013,52,22,0.7027027027027027,Pepsi Center,"Denver, Colorado",17809
St. Louis Blues,2013,52,23,0.6933333333333334,Enterprise Center,"St. Louis, Missouri",18724
San Jose Sharks,2013,51,22,0.6986301369863014,SAP Center,"San Jose, California",17562
Pittsburgh Penguins,2013,51,24,0.68,PPG Paints Arena,"Pittsburgh, Pennsylvania",18387
Chicago Blackhawks,2013,46,21,0.6865671641791045,United Center,"Chicago, Illinois",19717
Tampa Bay Lightning,2013,46,27,0.6301369863013698,Amalie Arena,"Tampa, Florida",19092
Montreal Canadiens,2013,46,28,0.6216216216216216,Bell Centre,"Montreal, Quebec",21302
Los Angeles Kings,2013,46,28,0.6216216216216216,Staples Center,"Los Angeles, California",18230
Minnesota Wild,2013,43,27,0.6142857142857143,Xcel Energy Center,"Saint Paul, Minnesota",17954
New York Rangers,2013,45,31,0.5921052631578947,Madison Square Garden,"New York City, New York",18006
Philadelphia Flyers,2013,42,30,0.5833333333333334,Wells Fargo Center,"Philadelphia, Pennsylvania",19543
Detroit Red Wings,2013,39,28,0.582089552238806,Little Caesars Arena,"Detroit, Michigan",19515
Columbus Blue Jackets,2013,43,32,0.5733333333333334,Nationwide Arena,"Columbus, Ohio",18144
Dallas Stars,2013,40,31,0.5633802816901409,American Airlines Center,"Dallas, Texas",18532
Washington Capitals,2013,38,30,0.5588235294117647,Capital One Arena,"Washington, D.C.",18506
Nashville Predators,2013,38,32,0.5428571428571428,Bridgestone Arena,"Nashville, Tennessee",17113
Ottawa Senators,2013,37,31,0.5441176470588235,Canadian Tire Centre,"Ottawa, Ontario",17373
New Jersey Devils,2013,35,29,0.546875,Prudential Center,"Newark, New Jersey",16514
Toronto Maple Leafs,2013,38,36,0.5135135135135135,Scotiabank Arena,"Toronto, Ontario",18819
Winnipeg Jets,2013,37,35,0.5138888888888888,Canada Life Centre,"Winnipeg, Manitoba",15321
Carolina Hurricanes,2013,36,35,0.5070422535211268,PNC Arena,"Raleigh, North Carolina",18680
Vancouver Canucks,2013,36,35,0.5070422535211268,Rogers Arena,"Vancouver, British Columbia",18910
New York Islanders,2013,34,37,0.4788732394366197,Nassau Coliseum,"Uniondale, New York",13900
New York Islanders,2013,34,37,0.4788732394366197,Barclays Center,"Brooklyn, New York",15795
Calgary Flames,2013,35,40,0.4666666666666667,Scotiabank Saddledome,"Calgary, Alberta",19289
Edmonton Oilers,2013,29,44,0.3972602739726027,Rogers Place,"Edmonton, Alberta",18347
Florida Panthers,2013,29,45,0.3918918918918919,BB&T Center,"Sunrise, Florida",19250
Buffalo Sabres,2013,21,51,0.2916666666666667,KeyBank Center,"Buffalo, New York",19070
New York Rangers,2014,53,22,0.7066666666666667,Madison Square Garden,"New York City, New York",18006
Montreal Canadiens,2014,50,22,0.6944444444444444,Bell Centre,"Montreal, Quebec",21302
Anaheim Ducks,2014,51,24,0.68,Honda Center,"Anaheim, California",17174
St. Louis Blues,2014,51,24,0.68,Enterprise Center,"St. Louis, Missouri",18724
Tampa Bay Lightning,2014,50,24,0.6756756756756757,Amalie Arena,"Tampa, Florida",19092
Nashville Predators,2014,47,25,0.6527777777777778,Bridgestone Arena,"Nashville, Tennessee",17113
Chicago Blackhawks,2014,48,28,0.631578947368421,United Center,"Chicago, Illinois",19717
Washington Capitals,2014,45,26,0.6338028169014085,Capital One Arena,"Washington, D.C.",18506
Vancouver Canucks,2014,48,29,0.6233766233766234,Rogers Arena,"Vancouver, British Columbia",18910
New York Islanders,2014,47,28,0.6266666666666667,Nassau Coliseum,"Uniondale, New York",13900
New York Islanders,2014,47,28,0.6266666666666667,Barclays Center,"Brooklyn, New York",15795
Detroit Red Wings,2014,43,25,0.6323529411764706,Little Caesars Arena,"Detroit, Michigan",19515
Minnesota Wild,2014,46,28,0.6216216216216216,Xcel Energy Center,"Saint Paul, Minnesota",17954
Winnipeg Jets,2014,43,26,0.6231884057971014,Canada Life Centre,"Winnipeg, Manitoba",15321
Ottawa Senators,2014,43,26,0.6231884057971014,Canadian Tire Centre,"Ottawa, Ontario",17373
Pittsburgh Penguins,2014,43,27,0.6142857142857143,PPG Paints Arena,"Pittsburgh, Pennsylvania",18387
Calgary Flames,2014,45,30,0.6,Scotiabank Saddledome,"Calgary, Alberta",19289
Boston Bruins,2014,41,27,0.6029411764705882,TD Garden,"Boston, Massachusetts",17565
Los Angeles Kings,2014,40,27,0.5970149253731343,Staples Center,"Los Angeles, California",18230
Dallas Stars,2014,41,31,0.5694444444444444,American Airlines Center,"Dallas, Texas",18532
Florida Panthers,2014,38,29,0.5671641791044776,BB&T Center,"Sunrise, Florida",19250
Colorado Avalanche,2014,39,31,0.5571428571428572,Pepsi Center,"Denver, Colorado",17809
Columbus Blue Jackets,2014,42,35,0.5454545454545454,Nationwide Arena,"Columbus, Ohio",18144
San Jose Sharks,2014,40,33,0.547945205479452,SAP Center,"San Jose, California",17562
Philadelphia Flyers,2014,33,31,0.515625,Wells Fargo Center,"Philadelphia, Pennsylvania",19543
New Jersey Devils,2014,32,36,0.47058823529411764,Prudential Center,"Newark, New Jersey",16514
Carolina Hurricanes,2014,30,41,0.4225352112676056,PNC Arena,"Raleigh, North Carolina",18680
Toronto Maple Leafs,2014,30,44,0.40540540540540543,Scotiabank Arena,"Toronto, Ontario",18819
Edmonton Oilers,2014,24,44,0.35294117647058826,Rogers Place,"Edmonton, Alberta",18347
Arizona Coyotes,2014,24,50,0.32432432432432434,Gila River Arena,"Glendale, Arizona",17125
Buffalo Sabres,2014,23,51,0.3108108108108108,KeyBank Center,"Buffalo, New York",19070
Washington Capitals,2015,56,18,0.7567567567567568,Capital One Arena,"Washington, D.C.",18506
Dallas Stars,2015,50,23,0.684931506849315,American Airlines Center,"Dallas, Texas",18532
St. Louis Blues,2015,49,24,0.6712328767123288,Enterprise Center,"St. Louis, Missouri",18724
Pittsburgh Penguins,2015,48,26,0.6486486486486487,PPG Paints Arena,"Pittsburgh, Pennsylvania",18387
Chicago Blackhawks,2015,47,26,0.6438356164383562,United Center,"Chicago, Illinois",19717
Florida Panthers,2015,47,26,0.6438356164383562,BB&T Center,"Sunrise, Florida",19250
Anaheim Ducks,2015,46,25,0.647887323943662,Honda Center,"Anaheim, California",17174
Los Angeles Kings,2015,48,28,0.631578947368421,Staples Center,"Los Angeles, California",18230
New York Rangers,2015,46,27,0.6301369863013698,Madison Square Garden,"New York City, New York",18006
New York Islanders,2015,45,27,0.625,Nassau Coliseum,"Uniondale, New York",13900
New York Islanders,2015,45,27,0.625,Barclays Center,"Brooklyn, New York",15795
San Jose Sharks,2015,46,30,0.6052631578947368,SAP Center,"San Jose, California",17562
Tampa Bay Lightning,2015,46,31,0.5974025974025974,Amalie Arena,"Tampa, Florida",19092
Nashville Predators,2015,41,27,0.6029411764705882,Bridgestone Arena,"Nashville, Tennessee",17113
Philadelphia Flyers,2015,41,27,0.6029411764705882,Wells Fargo Center,"Philadelphia, Pennsylvania",19543
Detroit Red Wings,2015,41,30,0.5774647887323944,Little Caesars Arena,"Detroit, Michigan",19515
Boston Bruins,2015,42,31,0.5753424657534246,TD Garden,"Boston, Massachusetts",17565
Minnesota Wild,2015,38,33,0.5352112676056338,Xcel Energy Center,"Saint Paul, Minnesota",17954
Carolina Hurricanes,2015,35,31,0.5303030303030303,PNC Arena,"Raleigh, North Carolina",18680
Ottawa Senators,2015,38,35,0.5205479452054794,Canadian Tire Centre,"Ottawa, Ontario",17373
New Jersey Devils,2015,38,36,0.5135135135135135,Prudential Center,"Newark, New Jersey",16514
Montreal Canadiens,2015,38,38,0.5,Bell Centre,"Montreal, Quebec",21302
Colorado Avalanche,2015,39,39,0.5,Pepsi Center,"Denver, Colorado",17809
Buffalo Sabres,2015,35,36,0.49295774647887325,KeyBank Center,"Buffalo, New York",19070
Winnipeg Jets,2015,35,39,0.47297297297297297,Canada Life Centre,"Winnipeg, Manitoba",15321
Arizona Coyotes,2015,35,39,0.47297297297297297,Gila River Arena,"Glendale, Arizona",17125
Calgary Flames,2015,35,40,0.4666666666666667,Scotiabank Saddledome,"Calgary, Alberta",19289
Columbus Blue Jackets,2015,34,40,0.4594594594594595,Nationwide Arena,"Columbus, Ohio",18144
Vancouver Canucks,2015,31,38,0.4492753623188406,Rogers Arena,"Vancouver, British Columbia",18910
Edmonton Oilers,2015,31,43,0.4189189189189189,Rogers Place,"Edmonton, Alberta",18347
Toronto Maple Leafs,2015,29,42,0.4084507042253521,Scotiabank Arena,"Toronto, Ontario",18819
Washington Capitals,2016,55,19,0.7432432432432432,Capital One Arena,"Washington, D.C.",18506
Pittsburgh Penguins,2016,50,21,0.704225352112676,PPG Paints Arena,"Pittsburgh, Pennsylvania",18387
Chicago Blackhawks,2016,50,23,0.684931506849315,United Center,"Chicago, Illinois",19717
Columbus Blue Jackets,2016,50,24,0.6756756756756757,Nationwide Arena,"Columbus, Ohio",18144
Minnesota Wild,2016,49,25,0.6621621621621622,Xcel Energy Center,"Saint Paul, Minnesota",17954
Anaheim Ducks,2016,46,23,0.6666666666666666,Honda Center,"Anaheim, California",17174
Montreal Canadiens,2016,47,26,0.6438356164383562,Bell Centre,"Montreal, Quebec",21302
Edmonton Oilers,2016,47,26,0.6438356164383562,Rogers Place,"Edmonton, Alberta",18347
New York Rangers,2016,48,28,0.631578947368421,Madison Square Garden,"New York City, New York",18006
St. Louis Blues,2016,46,29,0.6133333333333333,Enterprise Center,"St. Louis, Missouri",18724
San Jose Sharks,2016,46,29,0.6133333333333333,SAP Center,"San Jose, California",17562
Ottawa Senators,2016,44,28,0.6111111111111112,Canadian Tire Centre,"Ottawa, Ontario",17373
Toronto Maple Leafs,2016,40,27,0.5970149253731343,Scotiabank Arena,"Toronto, Ontario",18819
Boston Bruins,2016,44,31,0.5866666666666667,TD Garden,"Boston, Massachusetts",17565
Calgary Flames,2016,45,33,0.5769230769230769,Scotiabank Saddledome,"Calgary, Alberta",19289
Tampa Bay Lightning,2016,42,30,0.5833333333333334,Amalie Arena,"Tampa, Florida",19092
Nashville Predators,2016,41,29,0.5857142857142857,Bridgestone Arena,"Nashville, Tennessee",17113
New York Islanders,2016,41,29,0.5857142857142857,Nassau Coliseum,"Uniondale, New York",13900
New York Islanders,2016,41,29,0.5857142857142857,Barclays Center,"Brooklyn, New York",15795
Philadelphia Flyers,2016,39,33,0.5416666666666666,Wells Fargo Center,"Philadelphia, Pennsylvania",19543
Winnipeg Jets,2016,40,35,0.5333333333333333,Canada Life Centre,"Winnipeg, Manitoba",15321
Carolina Hurricanes,2016,36,31,0.5373134328358209,PNC Arena,"Raleigh, North Carolina",18680
Los Angeles Kings,2016,39,35,0.527027027027027,Staples Center,"Los Angeles, California",18230
Florida Panthers,2016,35,36,0.49295774647887325,BB&T Center,"Sunrise, Florida",19250
Dallas Stars,2016,34,37,0.4788732394366197,American Airlines Center,"Dallas, Texas",18532
Detroit Red Wings,2016,33,36,0.4782608695652174,Little Caesars Arena,"Detroit, Michigan",19515
Buffalo Sabres,2016,33,37,0.4714285714285714,KeyBank Center,"Buffalo, New York",19070
New Jersey Devils,2016,28,40,0.4117647058823529,Prudential Center,"Newark, New Jersey",16514
Arizona Coyotes,2016,30,42,0.4166666666666667,Gila River Arena,"Glendale, Arizona",17125
Vancouver Canucks,2016,30,43,0.410958904109589,Rogers Arena,"Vancouver, British Columbia",18910
Colorado Avalanche,2016,22,56,0.28205128205128205,Pepsi Center,"Denver, Colorado",17809
Nashville Predators,2017,53,18,0.7464788732394366,Bridgestone Arena,"Nashville, Tennessee",17113
Winnipeg Jets,2017,52,20,0.7222222222222222,Canada Life Centre,"Winnipeg, Manitoba",15321
Tampa Bay Lightning,2017,54,23,0.7012987012987013,Amalie Arena,"Tampa, Florida",19092
Boston Bruins,2017,50,20,0.7142857142857143,TD Garden,"Boston, Massachusetts",17565
Vegas Golden Knights,2017,51,24,0.68,T-Mobile Arena,"Paradise, Nevada",17368
Washington Capitals,2017,49,26,0.6533333333333333,Capital One Arena,"Washington, D.C.",18506
Toronto Maple Leafs,2017,49,26,0.6533333333333333,Scotiabank Arena,"Toronto, Ontario",18819
Minnesota Wild,2017,45,26,0.6338028169014085,Xcel Energy Center,"Saint Paul, Minnesota",17954
Anaheim Ducks,2017,44,25,0.6376811594202898,Honda Center,"Anaheim, California",17174
San Jose Sharks,2017,45,27,0.625,SAP Center,"San Jose, California",17562
Pittsburgh Penguins,2017,47,29,0.618421052631579,PPG Paints Arena,"Pittsburgh, Pennsylvania",18387
Los Angeles Kings,2017,45,29,0.6081081081081081,Staples Center,"Los Angeles, California",18230
Philadelphia Flyers,2017,42,26,0.6176470588235294,Wells Fargo Center,"Philadelphia, Pennsylvania",19543
Columbus Blue Jackets,2017,45,30,0.6,Nationwide Arena,"Columbus, Ohio",18144
New Jersey Devils,2017,44,29,0.6027397260273972,Prudential Center,"Newark, New Jersey",16514
Florida Panthers,2017,44,30,0.5945945945945946,BB&T Center,"Sunrise, Florida",19250
Colorado Avalanche,2017,43,30,0.589041095890411,Pepsi Center,"Denver, Colorado",17809
St. Louis Blues,2017,44,32,0.5789473684210527,Enterprise Center,"St. Louis, Missouri",18724
Dallas Stars,2017,42,32,0.5675675675675675,American Airlines Center,"Dallas, Texas",18532
Calgary Flames,2017,37,35,0.5138888888888888,Scotiabank Saddledome,"Calgary, Alberta",19289
Carolina Hurricanes,2017,36,35,0.5070422535211268,PNC Arena,"Raleigh, North Carolina",18680
New York Islanders,2017,35,37,0.4861111111111111,Nassau Coliseum,"Uniondale, New York",13900
New York Islanders,2017,35,37,0.4861111111111111,Barclays Center,"Brooklyn, New York",15795
Edmonton Oilers,2017,36,40,0.47368421052631576,Rogers Place,"Edmonton, Alberta",18347
New York Rangers,2017,34,39,0.4657534246575342,Madison Square Garden,"New York City, New York",18006
Chicago Blackhawks,2017,33,39,0.4583333333333333,United Center,"Chicago, Illinois",19717
Vancouver Canucks,2017,31,40,0.43661971830985913,Rogers Arena,"Vancouver, British Columbia",18910
Detroit Red Wings,2017,30,39,0.43478260869565216,Little Caesars Arena,"Detroit, Michigan",19515
Montreal Canadiens,2017,29,40,0.42028985507246375,Bell Centre,"Montreal, Quebec",21302
Arizona Coyotes,2017,29,41,0.4142857142857143,Gila River Arena,"Glendale, Arizona",17125
Ottawa Senators,2017,28,43,0.39436619718309857,Canadian Tire Centre,"Ottawa, Ontario",17373
Buffalo Sabres,2017,25,45,0.35714285714285715,KeyBank Center,"Buffalo, New York",19070
Tampa Bay Lightning,2018,62,16,0.7948717948717948,Amalie Arena,"Tampa, Florida",19092
Boston Bruins,2018,49,24,0.6712328767123288,TD Garden,"Boston, Massachusetts",17565
Calgary Flames,2018,50,25,0.6666666666666666,Scotiabank Saddledome,"Calgary, Alberta",19289
Washington Capitals,2018,48,26,0.6486486486486487,Capital One Arena,"Washington, D.C.",18506
New York Islanders,2018,48,27,0.64,Nassau Coliseum,"Uniondale, New York",13900
New York Islanders,2018,48,27,0.64,Barclays Center,"Brooklyn, New York",15795
San Jose Sharks,2018,46,27,0.6301369863013698,SAP Center,"San Jose, California",17562
Toronto Maple Leafs,2018,46,28,0.6216216216216216,Scotiabank Arena,"Toronto, Ontario",18819
Pittsburgh Penguins,2018,44,26,0.6285714285714286,PPG Paints Arena,"Pittsburgh, Pennsylvania",18387
Nashville Predators,2018,47,29,0.618421052631579,Bridgestone Arena,"Nashville, Tennessee",17113
Winnipeg Jets,2018,47,30,0.6103896103896104,Canada Life Centre,"Winnipeg, Manitoba",15321
Carolina Hurricanes,2018,46,29,0.6133333333333333,PNC Arena,"Raleigh, North Carolina",18680
St. Louis Blues,2018,45,28,0.6164383561643836,Enterprise Center,"St. Louis, Missouri",18724
Columbus Blue Jackets,2018,47,31,0.6025641025641025,Nationwide Arena,"Columbus, Ohio",18144
Montreal Canadiens,2018,44,30,0.5945945945945946,Bell Centre,"Montreal, Quebec",21302
Vegas Golden Knights,2018,43,32,0.5733333333333334,T-Mobile Arena,"Paradise, Nevada",17368
Dallas Stars,2018,43,32,0.5733333333333334,American Airlines Center,"Dallas, Texas",18532
Colorado Avalanche,2018,38,30,0.5588235294117647,Pepsi Center,"Denver, Colorado",17809
Arizona Coyotes,2018,39,35,0.527027027027027,Gila River Arena,"Glendale, Arizona",17125
Florida Panthers,2018,36,32,0.5294117647058824,BB&T Center,"Sunrise, Florida",19250
Chicago Blackhawks,2018,36,34,0.5142857142857142,United Center,"Chicago, Illinois",19717
Minnesota Wild,2018,37,36,0.5068493150684932,Xcel Energy Center,"Saint Paul, Minnesota",17954
Philadelphia Flyers,2018,37,37,0.5,Wells Fargo Center,"Philadelphia, Pennsylvania",19543
Vancouver Canucks,2018,35,36,0.49295774647887325,Rogers Arena,"Vancouver, British Columbia",18910
Anaheim Ducks,2018,35,37,0.4861111111111111,Honda Center,"Anaheim, California",17174
Edmonton Oilers,2018,35,38,0.4794520547945205,Rogers Place,"Edmonton, Alberta",18347
New York Rangers,2018,32,36,0.47058823529411764,Madison Square Garden,"New York City, New York",18006
Buffalo Sabres,2018,33,39,0.4583333333333333,KeyBank Center,"Buffalo, New York",19070
Detroit Red Wings,2018,32,40,0.4444444444444444,Little Caesars Arena,"Detroit, Michigan",19515
New Jersey Devils,2018,31,41,0.4305555555555556,Prudential Center,"Newark, New Jersey",16514
Los Angeles Kings,2018,31,42,0.4246575342465753,Staples Center,"Los Angeles, California",18230
Ottawa Senators,2018,29,47,0.3815789473684211,Canadian Tire Centre,"Ottawa, Ontario",17373
Boston Bruins,2019,44,14,0.7586206896551724,TD Garden,"Boston, Massachusetts",17565
St. Louis Blues,2019,42,19,0.6885245901639344,Enterprise Center,"St. Louis, Missouri",18724
Tampa Bay Lightning,2019,43,21,0.671875,Amalie Arena,"Tampa, Florida",19092
Colorado Avalanche,2019,42,20,0.6774193548387096,Pepsi Center,"Denver, Colorado",17809
Washington Capitals,2019,41,20,0.6721311475409836,Capital One Arena,"Washington, D.C.",18506
Philadelphia Flyers,2019,41,21,0.6612903225806451,Wells Fargo Center,"Philadelphia, Pennsylvania",19543
Vegas Golden Knights,2019,39,24,0.6190476190476191,T-Mobile Arena,"Paradise, Nevada",17368
Pittsburgh Penguins,2019,40,23,0.6349206349206349,PPG Paints Arena,"Pittsburgh, Pennsylvania",18387
Edmonton Oilers,2019,37,25,0.5967741935483871,Rogers Place,"Edmonton, Alberta",18347
Dallas Stars,2019,37,24,0.6065573770491803,American Airlines Center,"Dallas, Texas",18532
Columbus Blue Jackets,2019,33,22,0.6,Nationwide Arena,"Columbus, Ohio",18144
Toronto Maple Leafs,2019,36,25,0.5901639344262295,Scotiabank Arena,"Toronto, Ontario",18819
Carolina Hurricanes,2019,38,25,0.6031746031746031,PNC Arena,"Raleigh, North Carolina",18680
Winnipeg Jets,2019,37,28,0.5692307692307692,Canada Life Centre,"Winnipeg, Manitoba",15321
New York Islanders,2019,35,23,0.603448275862069,Nassau Coliseum,"Uniondale, New York",13900
New York Islanders,2019,35,23,0.603448275862069,Barclays Center,"Brooklyn, New York",15795
Calgary Flames,2019,36,27,0.5714285714285714,Scotiabank Saddledome,"Calgary, Alberta",19289
New York Rangers,2019,37,28,0.5692307692307692,Madison Square Garden,"New York City, New York",18006
Vancouver Canucks,2019,36,27,0.5714285714285714,Rogers Arena,"Vancouver, British Columbia",18910
Florida Panthers,2019,35,26,0.5737704918032787,BB&T Center,"Sunrise, Florida",19250
Nashville Predators,2019,35,26,0.5737704918032787,Bridgestone Arena,"Nashville, Tennessee",17113
Minnesota Wild,2019,35,27,0.5645161290322581,Xcel Energy Center,"Saint Paul, Minnesota",17954
Arizona Coyotes,2019,33,29,0.532258064516129,Gila River Arena,"Glendale, Arizona",17125
Chicago Blackhawks,2019,32,30,0.5161290322580645,United Center,"Chicago, Illinois",19717
Montreal Canadiens,2019,31,31,0.5,Bell Centre,"Montreal, Quebec",21302
New Jersey Devils,2019,28,29,0.49122807017543857,Prudential Center,"Newark, New Jersey",16514
Buffalo Sabres,2019,30,31,0.4918032786885246,KeyBank Center,"Buffalo, New York",19070
Anaheim Ducks,2019,29,33,0.46774193548387094,Honda Center,"Anaheim, California",17174
Los Angeles Kings,2019,29,35,0.453125,Staples Center,"Los Angeles, California",18230
San Jose Sharks,2019,29,36,0.4461538461538462,SAP Center,"San Jose, California",17562
Ottawa Senators,2019,25,34,0.423728813559322,Canadian Tire Centre,"Ottawa, Ontario",17373
Detroit Red Wings,2019,17,49,0.25757575757575757,Little Caesars Arena,"Detroit, Michigan",19515
Vegas Golden Knights,2020,40,14,0.7407407407407407,T-Mobile Arena,"Paradise, Nevada",17368
Colorado Avalanche,2020,39,13,0.75,Pepsi Center,"Denver, Colorado",17809
Carolina Hurricanes,2020,36,12,0.75,PNC Arena,"Raleigh, North Carolina",18680
Florida Panthers,2020,37,14,0.7254901960784313,BB&T Center,"Sunrise, Florida",19250
Washington Capitals,2020,36,15,0.7058823529411765,Capital One Arena,"Washington, D.C.",18506
Toronto Maple Leafs,2020,35,14,0.7142857142857143,Scotiabank Arena,"Toronto, Ontario",18819
Pittsburgh Penguins,2020,37,16,0.6981132075471698,PPG Paints Arena,"Pittsburgh, Pennsylvania",18387
Tampa Bay Lightning,2020,36,17,0.6792452830188679,Amalie Arena,"Tampa, Florida",19092
Minnesota Wild,2020,35,16,0.6862745098039216,Xcel Energy Center,"Saint Paul, Minnesota",17954
Boston Bruins,2020,33,16,0.673469387755102,TD Garden,"Boston, Massachusetts",17565
Edmonton Oilers,2020,35,19,0.6481481481481481,Rogers Place,"Edmonton, Alberta",18347
New York Islanders,2020,32,17,0.6530612244897959,Nassau Coliseum,"Uniondale, New York",13900
New York Islanders,2020,32,17,0.6530612244897959,Barclays Center,"Brooklyn, New York",15795
Nashville Predators,2020,31,23,0.5740740740740741,Bridgestone Arena,"Nashville, Tennessee",17113
St. Louis Blues,2020,27,20,0.574468085106383,Enterprise Center,"St. Louis, Missouri",18724
Winnipeg Jets,2020,30,23,0.5660377358490566,Canada Life Centre,"Winnipeg, Manitoba",15321
Dallas Stars,2020,23,19,0.5476190476190477,American Airlines Center,"Dallas, Texas",18532
New York Rangers,2020,27,23,0.54,Madison Square Garden,"New York City, New York",18006
Montreal Canadiens,2020,24,21,0.5333333333333333,Bell Centre,"Montreal, Quebec",21302
Philadelphia Flyers,2020,25,23,0.5208333333333334,Wells Fargo Center,"Philadelphia, Pennsylvania",19543
Chicago Blackhawks,2020,24,25,0.4897959183673469,United Center,"Chicago, Illinois",19717
Calgary Flames,2020,26,27,0.49056603773584906,Scotiabank Saddledome,"Calgary, Alberta",19289
Arizona Coyotes,2020,24,26,0.48,Gila River Arena,"Glendale, Arizona",17125
Ottawa Senators,2020,23,28,0.45098039215686275,Canadian Tire Centre,"Ottawa, Ontario",17373
Vancouver Canucks,2020,23,29,0.4423076923076923,Rogers Arena,"Vancouver, British Columbia",18910
Los Angeles Kings,2020,21,28,0.42857142857142855,Staples Center,"Los Angeles, California",18230
San Jose Sharks,2020,21,28,0.42857142857142855,SAP Center,"San Jose, California",17562
Detroit Red Wings,2020,19,27,0.41304347826086957,Little Caesars Arena,"Detroit, Michigan",19515
Columbus Blue Jackets,2020,18,26,0.4090909090909091,Nationwide Arena,"Columbus, Ohio",18144
New Jersey Devils,2020,19,30,0.3877551020408163,Prudential Center,"Newark, New Jersey",16514
Anaheim Ducks,2020,17,30,0.3617021276595745,Honda Center,"Anaheim, California",17174
Buffalo Sabres,2020,15,34,0.30612244897959184,KeyBank Center,"Buffalo, New York",19070
Colorado Avalanche,2021,46,14,0.7666666666666667,Pepsi Center,"Denver, Colorado",17809
Florida Panthers,2021,44,15,0.7457627118644068,BB&T Center,"Sunrise, Florida",19250
Carolina Hurricanes,2021,43,15,0.7413793103448276,PNC Arena,"Raleigh, North Carolina",18680
Pittsburgh Penguins,2021,40,17,0.7017543859649122,PPG Paints Arena,"Pittsburgh, Pennsylvania",18387
New York Rangers,2021,42,19,0.6885245901639344,Madison Square Garden,"New York City, New York",18006
Tampa Bay Lightning,2021,41,18,0.6949152542372882,Amalie Arena,"Tampa, Florida",19092
Calgary Flames,2021,40,17,0.7017543859649122,Scotiabank Saddledome,"Calgary, Alberta",19289
Boston Bruins,2021,41,19,0.6833333333333333,TD Garden,"Boston, Massachusetts",17565
Toronto Maple Leafs,2021,41,19,0.6833333333333333,Scotiabank Arena,"Toronto, Ontario",18819
Washington Capitals,2021,37,20,0.6491228070175439,Capital One Arena,"Washington, D.C.",18506
Minnesota Wild,2021,40,20,0.6666666666666666,Xcel Energy Center,"Saint Paul, Minnesota",17954
Los Angeles Kings,2021,36,22,0.6206896551724138,Staples Center,"Los Angeles, California",18230
Nashville Predators,2021,38,24,0.6129032258064516,Bridgestone Arena,"Nashville, Tennessee",17113
St. Louis Blues,2021,35,20,0.6363636363636364,Enterprise Center,"St. Louis, Missouri",18724
Edmonton Oilers,2021,36,25,0.5901639344262295,Rogers Place,"Edmonton, Alberta",18347
Vegas Golden Knights,2021,36,28,0.5625,T-Mobile Arena,"Paradise, Nevada",17368
Dallas Stars,2021,36,25,0.5901639344262295,American Airlines Center,"Dallas, Texas",18532
Winnipeg Jets,2021,32,25,0.5614035087719298,Canada Life Centre,"Winnipeg, Manitoba",15321
Vancouver Canucks,2021,32,26,0.5517241379310345,Rogers Arena,"Vancouver, British Columbia",18910
Columbus Blue Jackets,2021,32,29,0.5245901639344263,Nationwide Arena,"Columbus, Ohio",18144
San Jose Sharks,2021,29,28,0.5087719298245614,SAP Center,"San Jose, California",17562
Anaheim Ducks,2021,27,29,0.48214285714285715,Honda Center,"Anaheim, California",17174
New York Islanders,2021,28,27,0.509090909090909,Nassau Coliseum,"Uniondale, New York",13900
New York Islanders,2021,28,27,0.509090909090909,Barclays Center,"Brooklyn, New York",15795
Detroit Red Wings,2021,26,32,0.4482758620689655,Little Caesars Arena,"Detroit, Michigan",19515
Chicago Blackhawks,2021,24,32,0.42857142857142855,United Center,"Chicago, Illinois",19717
Buffalo Sabres,2021,23,33,0.4107142857142857,KeyBank Center,"Buffalo, New York",19070
New Jersey Devils,2021,24,37,0.39344262295081966,Prudential Center,"Newark, New Jersey",16514
Philadelphia Flyers,2021,21,34,0.38181818181818183,Wells Fargo Center,"Philadelphia, Pennsylvania",19543
Ottawa Senators,2021,23,36,0.3898305084745763,Canadian Tire Centre,"Ottawa, Ontario",17373
Montreal Canadiens,2021,18,37,0.32727272727272727,Bell Centre,"Montreal, Quebec",21302
Seattle Kracken,2021,20,39,0.3389830508474576,Climate Pledge Arena,"Seattle, Washington",17459
Arizona Coyotes,2021,20,40,0.3333333333333333,Gila River Arena,"Glendale, Arizona",17125
